{"PbLkCyBYLQrpKvdDlXaodQ==":"uklad_transparent-121x33.png","lKTt95jaiN/JPMKiMcmvfw==":"i.%20czechak-2000x1331.jpg","rs7nKFIWtEcS62E9WiYOZQ==":"i.%20czechak%20(1)-1200x451.jpg","MiJdI3faTN5sJBxD53CxAw==":"i.%20czechak%20(1)-1200x451.jpeg","6MP+v6/RQ3z4O7aurOAgRQ==":"swiadectwo-514x779.png","3gD00lJ0ziMVJ7znzCy4Xg==":"paranoja-573x805.png","q5V8wd8BXoaA/BefL6CYfQ==":"ciemnosc-597x842.png","bzt9OWdd2ae8yVgeBTs44Q==":"ajk-817x807.png","miShHAVueFxiTCdsaWujgw==":"119883403_2218141151644057_3968482939720807672_n-1836x1032.jpg"}